timestamp,x_coord,y_coord,confidence
1510877506610,1034.35,417.389,1.79799
1510877506632,945.861,407.654,3.09999
1510877506707,924.679,403.407,1.35531
1510877506771,797.268,396.982,2.72814
1510877506804,825.997,389.932,0.88402
1510877506835,849.017,392.096,1.29815
1510877506900,848.89,390.07,0.622963
1510877506931,663.158,356.166,3.74606
1510877506996,711.018,369.099,6.29925
1510877507059,849.153,396.267,5.03672
1510877507103,842.86,391.239,1.14985
1510877507133,852.948,391.437,0.30159
1510877507200,536.235,286.009,24.6421
1510877507231,513.958,349.061,9.12041
1510877507297,828.675,479.434,34.866
1510877507381,1222.87,743.475,110.627
1510877507435,1261.31,737.425,71.3838
1510877507501,1431.92,864.691,98.381
1510877507533,1512,924.431,68.799
1510877507599,1220.57,720.878,3.2446
1510877507641,1146.84,599.128,1.38201
1510877507709,1068.71,503.882,5.27055
1510877507731,1005.78,470.57,0.424828
1510877507796,956.505,436.881,0.927841
1510877507863,970.779,410.202,1.24543
1510877507895,929.624,399.884,0.842879
1510877507983,934.206,385.677,0.650947
1510877508036,786.967,376.479,2.69947
1510877508101,809.06,390.482,1.01938
1510877508133,781.295,402.589,4.9569
1510877508199,586.567,379.604,6.17908
1510877508232,667.179,380.027,0.447962
1510877508298,753.523,383.73,1.69191
1510877508330,822.367,379.211,1.01149
1510877508404,990.236,385.301,3.9238
1510877508446,1027.47,368.714,4.97676
1510877508501,961.966,383.104,1.97532
1510877508534,850.808,382.579,3.44501
1510877508600,911.415,390.477,0.818932
1510877508631,963.832,394.271,2.83237
1510877508698,960.172,397.502,1.03919
1510877508731,911.537,384.753,1.43313
1510877508805,886.726,379.006,3.66903
1510877508860,897.83,379.971,2.18474
1510877508902,984.562,383.26,2.46165
1510877508935,934.624,381.704,2.38333
1510877509000,914.544,382.681,2.23111
1510877509033,643.271,372.598,7.67217
1510877509100,783.239,381.198,1.29262
1510877509132,819.351,386.459,2.23275
1510877509197,1139.66,380.003,6.53273
1510877509229,1068.33,394.018,4.94009
1510877509296,1006.22,398.969,3.03638
1510877509384,974.16,396.804,1.31403
1510877509480,967.963,398.755,3.37823
1510877509534,1000.84,398.85,5.84205
1510877509598,1281.03,384.404,11.4379
1510877509630,1195.51,387.838,1.55778
1510877509696,813.794,344.429,14.0127
1510877509729,1085.23,346.749,10.0331
1510877509795,1026.32,354.501,1.87417
1510877509829,1158.57,364.597,6.76194
1510877509895,890.171,339.432,3.25651
1510877509962,980.038,349.051,3.02728
1510877509994,936.243,367.139,6.38244
1510877510061,757.529,402.267,8.80448
1510877510094,707,401.076,4.16257
1510877510136,715.564,402.35,2.65857
1510877510201,544.028,365.42,7.9769
1510877510234,821.029,325.465,12.0777
1510877510301,509.101,244.754,32.1502
1510877510333,351.915,170.764,33.2002
1510877510398,219.651,106.584,54.8513
1510877510431,151.802,73.661,78.3275
1510877510493,96.3313,46.7441,48.1145
1510877510559,294.914,97.9098,10.1232
1510877510592,201.797,193.162,17.2668
1510877510669,825.453,394.782,17.7872
1510877510702,1107.41,610.897,117.332
1510877510734,1271.15,723.124,75.9151
1510877510800,1422.32,836.877,45.4661
1510877510832,1500.97,901.873,62.1408
1510877510899,1568.35,957.555,93.7095
1510877510932,1528.06,888.898,74.5696
1510877510999,1585.93,950.286,82.7365
1510877511031,1533.45,860.391,26.5921
1510877511098,1589.28,838.772,27.6547
1510877511131,1617.32,850.187,71.0899
1510877511196,1640.59,925.202,106.054
1510877511261,1656.01,956.857,90.9571
1510877511293,1555.77,865.449,24.6917
1510877511371,1607.88,943.064,65.7414
1510877511401,1631.12,963.558,85.7395
1510877511433,1644.64,987.685,74.5274
1510877511499,1657.19,1010.09,50.4128
1510877511529,1663.73,1015.73,60.719
1510877511595,1669.47,1028.23,99.2304
1510877511662,1673.32,1036.63,100.769
1510877511694,1675.15,1037.04,44.3931
1510877511760,1676.62,918.412,48.9926
1510877511793,1677.36,959.35,132.768
1510877511834,1172.79,687.956,32.83
1510877511902,727.293,426.627,35.1139
1510877511933,1021.11,618.768,71.1966
1510877512000,1124.72,660.899,181.984
1510877512031,853.808,607.79,127.689
1510877512097,665.276,542.391,49.857
1510877512129,459.812,461.413,15.1571
1510877512194,286.98,364.982,17.5396
1510877512259,321.395,340.111,14.4345
1510877512302,432.089,349.477,4.37147
1510877512334,305.729,247.276,49.0354
1510877512399,193.882,266.078,57.7429
1510877512431,645.478,504.149,72.0696
1510877512496,885.358,567.927,20.8429
1510877512529,1130.19,686.849,78.4509
1510877512594,1016,583.77,1.7464
1510877512636,940.117,518.028,2.82876
1510877512702,894.118,447.945,1.73865
1510877512733,784.261,419.772,1.74565
1510877512797,784.671,403.016,2.13307
1510877512830,818.349,401.607,2.70785
1510877512893,898.973,384.904,13.9466
1510877512970,912.742,383.378,1.48863
1510877513001,958.371,384.971,2.72204
1510877513033,975.165,409.137,6.30524
1510877513098,920.628,396.596,1.62085
1510877513129,955.29,396.349,2.50722
1510877513195,968.787,394.509,1.03588
1510877513261,682.736,367.675,7.63775
1510877513293,744.96,371.019,0.489356
1510877513369,845.141,356.074,2.92645
1510877513401,846.409,343.909,1.53301
1510877513432,649.482,312.688,12.3798
1510877513497,756.454,335.836,1.92493
1510877513529,794.593,347.592,1.89238
1510877513594,944.603,353.672,1.9191
1510877513670,921.426,361.636,2.16537
1510877513702,809.997,378.911,5.95073
1510877513734,812.938,376.701,1.14126
1510877513801,926.815,384.237,2.51005
1510877513832,903.215,377.345,1.34757
1510877513898,856.823,377.614,1.79626
1510877513930,841.172,377.182,3.78753
1510877513995,1152.99,430.267,20.9379
1510877514062,1364.9,679.536,142.335
1510877514094,1365.53,602.953,5.71375
1510877514160,971.719,501.307,2.49276
1510877514194,665.613,412.266,10.9443
1510877514270,903.266,417.92,5.37798
1510877514302,915.122,407.949,2.25911
1510877514333,893.914,392.971,2.27735
1510877514398,889.93,386.829,3.50359
1510877514430,974.535,404.641,5.48714
1510877514495,817.023,372.421,6.58725
1510877514568,793.649,368.079,5.78738
1510877514600,841.744,380.746,3.93349
1510877514633,806.667,386.415,2.52432
1510877514699,831.144,433.269,15.0316
1510877514731,988.829,430.519,4.59777
1510877514795,622.089,364.11,10.8823
1510877514870,719.786,367.455,1.56767
1510877514903,620.908,360.555,2.88963
1510877514935,543.662,345.461,6.29216
1510877515001,673.381,351.517,2.91166
1510877515032,469.359,317.405,19.9825
1510877515097,633.552,342.257,4.01239
1510877515129,715.405,353.203,0.733023
1510877515193,835.43,371.593,1.6199
1510877515270,852.467,372.312,1.53351
1510877515303,855.289,365.9,1.78432
1510877515334,887.792,367.082,1.54082
1510877515399,1129.98,275.975,14.4883
1510877515432,1181.82,283.508,4.37497
1510877515498,1003.38,318.058,0.275544
1510877515529,698.259,309.547,16.1573
1510877515603,750.374,314.698,0.973253
1510877515634,909.828,333.429,2.99642
1510877515699,1083.72,362.236,4.49402
1510877515731,997.218,363.9,1.73927
1510877515796,969.689,367.19,1.35858
1510877515871,831.742,362.948,3.18832
1510877515902,965.971,379.553,2.60947
1510877515934,915.863,373.505,1.05436
1510877515999,882.34,371.931,2.47669
1510877516032,891.865,372.474,1.11536
1510877516097,802.212,364.048,5.29558
1510877516171,760.243,358.077,4.04011
1510877516192,786.085,361.475,1.64024
1510877516234,795.037,362.278,1.17695
1510877516299,801.758,363.333,2.29869
1510877516331,799.526,360.567,4.37229
1510877516397,873.628,353.17,7.79397
1510877516472,865.51,359.739,1.93203
1510877516493,875.288,367.618,0.701281
1510877516568,861.834,365.868,1.25594
1510877516601,859.428,357.311,-1
1510877516632,951.018,367.988,3.80004
1510877516698,890.494,362.592,1.26948
1510877516730,720.806,349.497,6.08778
1510877516796,687.51,345.837,2.94317
1510877516839,725.773,352.136,2.08056
1510877516891,788.235,330.72,2.29388
1510877516935,934.713,350.903,3.70839
1510877517001,878.467,304.998,2.33166
1510877517031,733.443,224.244,8.04592
1510877517099,1094.8,230.353,17.2158
1510877517131,1249.39,158.506,14.4042
1510877517207,1263.87,93.1003,30.7213
1510877517229,1391.96,64.3736,28.3777
1510877517306,814.172,37.6527,30.3157
1510877517371,1170.14,22.1547,23.3191
1510877517403,1172.11,127.025,2.8764
1510877517436,859.368,90.7845,10.9374
1510877517500,1153.91,58.1607,7.02618
1510877517531,1250.32,125.482,4.83498
1510877517596,1141.94,204.906,2.18599
1510877517673,1375.49,293.853,20.0765
1510877517694,1471.89,322.39,25.8185
1510877517770,1558.5,415.705,27.7518
1510877517791,1075.72,337.042,15.3882
1510877517932,1453.13,382.253,18.4738
1510877517998,1561.85,322.888,13.3326
1510877518031,1286.74,319.74,3.81042
1510877518195,990.554,312.454,5.10302
1510877518238,544.801,171.849,19.4241
1510877518304,835.959,245.333,2.2205
1510877518335,975.518,290.529,5.30884
1510877518400,1018.64,325.639,1.67573
1510877518432,998.718,307.332,2.52331
1510877518496,1252.73,312.871,8.84734
1510877518561,1086.01,304.189,3.7808
1510877518593,1172.52,285.03,14.3894
1510877518635,1327.09,324.316,25.8453
1510877518902,212.137,421.367,6.42735
1510877518934,111.248,592.122,22.605
1510877518998,63.5264,691.953,34.2159
1510877519097,30.1132,879.751,74.5089
1510877519172,814.011,960.214,425.841
1510877519192,541.523,989.935,201.256
1510877519235,901.584,782.506,44.6962
1510877519332,1281.66,912.793,171.53
1510877519601,1618,489.596,19.4163
1510877519632,1591.21,433.834,8.83807
1510877519697,1309.36,397.855,1.04195
1510877519772,1136.37,374.71,1.32297
1510877519793,975.543,282.945,5.79887
1510877519867,901.831,308.373,1.15563
1510877519900,855.221,318.471,1.155
1510877519931,845.328,321.223,1.74138
1510877519997,888.907,328.446,3.73714
1510877520072,867.829,294.08,3.88741
1510877520094,860.987,309.391,1.31882
1510877520135,860.553,289.136,5.21327
1510877520199,793.471,304.094,2.63049
1510877520242,1084.11,204.286,13.312
1510877520296,900.843,232.235,3.00739
1510877520337,699.662,252.759,5.70529
1510877520401,439.401,269.601,3.263
1510877520432,402.083,254.332,8.0461
1510877520496,470.728,280.032,3.54297
1510877520538,709.899,188.434,8.2389
1510877520594,549.616,254.9,10.2957
1510877520661,563.006,263.894,4.74696
1510877520705,698.747,235.018,6.11914
1510877520760,979.048,150.874,11.5568
1510877520803,999.214,161.747,7.04232
1510877520867,624.433,227.198,8.15933
1510877520899,431.779,256.419,2.79631
1510877520932,312.966,276.578,3.15384
1510877520999,730.472,251.059,9.11532
1510877521031,517.759,267.742,2.55951
1510877521096,384.997,283.917,1.61538
1510877521129,733.123,221.285,11.8532
1510877521195,939.349,222.555,6.6836
1510877521273,1212.75,224.533,11.7026
1510877521294,1085.38,241.403,5.93239
1510877521369,789.982,266.156,4.08591
1510877521400,734.378,270.588,4.28191
1510877521431,866.935,234.063,7.82357
1510877521495,828.338,233.865,4.57354
1510877521538,686.113,234.539,7.43095
1510877521591,564.059,260.929,6.28018
1510877521634,810.784,271.937,14.7021
1510877521701,500.215,262.933,8.81155
1510877521742,546.644,295.845,2.75299
1510877521796,488.737,247.135,9.39059
1510877521840,475.426,235.406,6.84219
1510877521895,590.178,251.727,3.2465
1510877521938,504.016,272.771,1.80195
1510877522002,314.374,327.716,10.0707
1510877522034,286.196,315.881,4.77214
1510877522098,586.314,298.615,6.1437
1510877522140,929.028,200.632,14.8849
1510877522194,852.34,164.165,10.1484
1510877522237,888.155,194.361,7.46386
1510877522303,829.831,243.087,3.08107
1510877522334,678.437,239.711,6.3723
1510877522400,771.302,221.643,10.4926
1510877522432,566.048,244.873,3.48074
1510877522496,590.792,229.336,8.11498
1510881206703,589.661,439.811,1.40945
1510881206744,596.512,443.358,3.75856
1510881206807,690.334,447.775,2.23613
1510881206839,793.278,459.662,2.79481
1510881206904,914.241,471.474,3.59229
1510881206947,966.65,484.88,5.01397
1510881207002,941.187,473.291,3.82365
1510881207044,1011.15,479.899,3.37932
1510881207109,1029.31,486.887,4.56082
1510881207141,1051.42,490.894,4.02118
1510881207204,894.939,470.039,4.54054
1510881207246,746.287,468.467,6.24405
1510881207310,677.881,462.516,5.71822
1510881207342,802.673,473.843,4.32071
1510881207408,892.626,479.784,3.99907
1510881207440,958.294,485.093,3.48913
1510881207505,883.978,475.089,4.47728
1510881207547,725.024,452.589,4.05269
1510881207602,924.415,465.859,2.97833
1510881207646,1077.17,481.215,3.68138
1510881207712,1166.99,497.015,4.7874
1510881207744,1177.6,495.027,3.02263
1510881207808,1199.63,494.217,3.70122
1510881207839,1203.41,488.122,2.47923
1510881207917,1198.94,485.422,2.91892
1510881207938,1208.51,485.422,2.82335
1510881208004,1195.9,485.729,3.99069
1510881208035,1157.48,484.654,3.66311
1510881208079,1111.93,484.708,4.18954
1510881208144,1152.67,481.059,3.31675
1510881208208,1075.31,475.779,4.62127
1510881208240,1025.67,470.864,3.38327
1510881208303,1067,469.616,2.23606
1510881208335,1106.6,471.326,1.96379
1510881208379,1056.78,471.073,3.54317
1510881208441,962.856,467.037,3.8612
1510881208507,926.324,462.465,3.43905
1510881208549,960.306,467.761,3.43074
1510881208580,916.321,467.882,4.1415
1510881208635,891.693,461.716,3.1742
1510881208709,957.23,463.757,2.97987
1510881208741,889.874,457.598,3.48119
1510881208807,936.888,459.165,2.95605
1510881208839,747.29,450.139,5.28676
1510881208882,822.079,456.166,3.5757
1510881208935,880.102,463.006,3.97402
1510881208979,863.429,471.951,5.71325
1510881209047,862.2,464.708,3.72069
1510881209110,896.739,472.593,5.40709
1510881209141,949.226,468.17,3.25999
1510881209207,923.709,467.605,4.06302
1510881209239,996.943,460.698,1.66985
1510881209306,1084.3,466.18,2.98702
1510881209348,993.415,469.216,7.967
1510881209402,1064.22,467.543,1.53036
1510881209445,1026.49,472.473,5.39302
1510881209510,924.313,468.435,4.98468
1510881209541,1003.58,466.467,1.77599
1510881209607,1019.19,463.863,1.95313
1510881209640,1021.02,471.921,3.69826
1510881209715,945.72,458.496,2.65771
1510881209746,969.891,459.167,2.59565
1510881209811,890.145,462.799,4.7529
1510881209842,616.046,409.211,9.52093
1510881209907,758.423,386.136,1.2019
1510881209938,853.216,386.957,1.51407
1510881210014,837.479,408.53,2.19722
1510881210035,931.13,412.228,1.63507
1510881210112,912.605,398.508,1.48956
1510881210133,849.957,388.136,1.87299
1510881210209,754.03,372.743,2.00126
1510881210241,737.186,366.968,3.09848
1510881210306,944.7,369.095,1.39775
1510881210338,1051.56,380.412,1.79102
1510881210404,870.303,368.446,3.09283
1510881210435,929.452,377.802,1.8901
1510881210510,550.861,242.439,6.18595
1510881210541,757.203,282.703,1.52827
1510881210608,811.023,342.98,3.54485
1510881210640,821.195,364.788,2.80444
1510881210707,961.599,388.929,2.2984
1510881210739,662.362,341.171,9.10824
1510881210805,796.121,372.453,2.45793
1510881210838,902.579,379.295,1.88773
1510881210880,979.072,388.97,2.02541
1510881210944,1048.93,392.742,1.40833
1510881211009,1057.59,400.533,1.66752
1510881211039,1066.99,407.43,2.38758
1510881211103,1007.27,397.015,2.41239
1510881211136,716.037,358.059,6.0233
1510881211202,446.962,454.56,12.2974
1510881211234,637.256,448.565,1.99096
1510881211301,714.988,436.56,1.77151
1510881211334,803.044,436.741,1.83656
1510881211410,782.742,401.574,2.53494
1510881211442,865.677,442.774,3.42877
1510881211508,914.025,366.586,5.09647
1510881211540,880.758,357.186,3.52675
1510881211607,995.624,382.735,1.89719
1510881211638,1051.64,396.935,1.94468
1510881211705,653.345,365.169,6.01185
1510881211736,806.927,395.704,3.20692
1510881211802,762.032,388.291,2.35286
1510881211835,730.465,375.089,3.12249
1510881211902,848.754,369.587,3.33217
1510881211933,944.947,377.206,4.50537
1510881212009,1063.21,402.601,2.12661
1510881212040,1094.66,409.86,2.18751
1510881212106,1113.64,411.207,1.5934
1510881212138,1127.04,409.102,1.59244
1510881212203,1045.05,394.081,1.83992
1510881212236,1076.86,405.291,1.76821
1510881212302,1104.95,430.77,2.21667
1510881212335,1000.24,436.552,1.3571
1510881212401,916.919,441.069,0.564624
1510881212443,763.974,447.823,2.38631
1510881212508,725.587,443.333,1.05421
1510881212540,678.76,439.022,1.36949
1510881212605,799.244,442.758,1.11364
1510881212637,773.352,439.474,0.986795
1510881212703,817.267,432.645,0.445508
1510881212736,720.398,436.658,1.14114
1510881212802,447.127,424.544,2.32001
1510881212835,483.936,431.996,0.717952
1510881212909,773.443,454.778,7.39849
1510881212941,784.594,436.034,8.34344
1510881213006,1093.51,475.166,9.87825
1510881213038,1274.59,602.442,20.2898
1510881213103,1298.65,578.634,7.7827
1510881213134,1414.73,621.197,11.5064
1510881213201,1469.51,596.177,8.4277
1510881213234,1476.75,579.962,9.97292
1510881213310,1560.22,677.416,19.1679
1510881213341,1598.71,659.853,13.8926
1510881213404,1628.81,791.701,22.651
1510881213437,1644.29,769.309,13.3811
1510881213503,1404.57,670.125,2.50578
1510881213545,1323.26,638.705,5.06358
1510881407815,720.935,461.936,1.01757
1510881407857,688.124,441.111,0.599465
1510881407890,732.692,438.812,0.308999
1510881407957,961.427,452.434,3.55036
1510881407988,1047.24,441.671,4.79822
1510881408063,1065.76,436.635,2.503
1510881408095,1165.21,458.794,4.19141
1510881408158,1054.69,450.217,2.01507
1510881408190,1062.07,447.422,2.49805
1510881408254,978.698,436.572,0.561486
1510881408297,924.081,422.359,4.07685
1510881408329,904.629,404.739,2.71172
1510881408394,906.557,410.975,2.01238
1510881408459,764.134,399.006,0.976114
1510881408491,730.612,366.921,0.861963
1510881408557,1002.85,351.35,5.96372
1510881408589,1212.58,370.904,4.72944
1510881408666,1105.22,371.291,2.28803
1510881408698,982.25,394.29,1.16051
1510881408730,1141.63,416.599,3.83671
1510881408797,972.235,428.182,1.18795
1510881408861,922.255,450.06,2.36759
1510881408892,887.713,489.673,4.61555
1510881408988,899.864,474.068,0.786289
1510881409053,956.116,467.936,0.621007
1510881409086,920.02,463.709,0.567839
1510881409129,925.851,463.235,0.94323
1510881409493,741.118,468.595,1.10396
1510881409559,734.812,479.865,1.65012
1510881409591,711.634,479.81,1.46104
1510881409658,698.62,493.387,2.03634
1510881409689,743.35,491.62,0.977158
1510881409757,798.335,487.384,0.843644
1510881409788,723.229,485.829,1.5083
1510881409855,615.036,499.186,3.54008
1510881409887,634.183,478.67,1.07964
1510881409954,700.196,476.761,1.71668
1510881409997,701.734,468.169,1.49788
1510881410063,649.393,464.948,1.28739
1510881410094,755.692,455.226,1.83003
1510881410158,693.973,445.678,0.563784
1510881410190,672.641,442.453,0.473013
1510881410264,673.587,426.456,0.588049
1510881410285,699.636,412.435,1.00802
1510881410358,725.928,395.07,1.09969
1510881410390,720.876,387.939,0.740834
1510881410456,730.054,362.338,1.35994
1510881410488,722.227,378.169,0.527369
1510881410530,763.222,396.772,2.51803
1510881410583,635.22,396.761,1.26468
1510881410658,610.848,415.445,0.452034
1510881410690,509.518,414.693,0.901642
1510881410756,443.192,421.172,0.569272
1510881410787,449.993,425.809,0.479661
1510881410830,314.085,410.55,0.910399
1510881410886,207.715,401.314,0.840677
1510881410962,337.069,407.33,0.647832
1510881410983,325.244,408.103,0.721107
1510881411060,348.586,403.411,2.60548
1510881411090,235.74,393.269,1.069
1510881411156,332.719,401.742,0.826565
1510881411189,323.444,403.646,0.627746
1510881411253,395.889,407.246,0.439846
1510881411285,293.531,402.642,0.741245
1510881411330,203.53,395.027,0.840456
1510881411395,127.921,370.27,2.42009
1510881411492,63.1744,317.057,3.08061
1510881411753,1418.41,425.519,2.78673
1510881411786,1542.55,473.134,4.83074
1510881411862,1579.07,456.302,3.14014
1510881411893,1450.68,460.497,1.61987
1510881411959,1493.01,474.734,0.976624
1510881411992,1019.24,442.569,1.31499
1510881412059,629.23,396.916,1.54321
1510881412089,435.408,360.684,2.89675
1510881412167,253.179,340.182,1.79508
1510881412187,175.052,350.987,1.13502
1510881412253,109.272,366.104,0.728689
1510881412285,87.4708,372.714,0.822692
1510881412361,51.469,350.557,2.6186
1510881412393,40.649,361.378,1.25664
1510881412457,98.3946,377.512,0.73781
1510881412488,224.931,391.013,0.77644
1510881412564,132.557,377.792,1.38854
1510881412585,92.1523,360.226,2.20124
1510881412658,55.0203,336.082,2.49596
1510881412691,37.3258,346.805,1.08317
1510881412754,23.3692,329.282,2.66578
1510881412787,16.1722,293.217,4.55973
1510881412852,10.099,303.555,2.52662
1510881412884,48.8212,338.92,0.650943
1510881412961,55.505,363.578,0.748167
1510881412992,37.5629,372.809,0.777792
1510881413058,23.7347,376.293,1.06223
1510881413090,27.8003,378.294,1.26045
1510881413154,17.4975,363.77,1.87866
1510881413185,12.1735,354.769,1.67872
1510881413262,7.13831,326.103,2.77225
1510881413294,4.82202,337.969,1.59047
1510881413357,3.01355,333.228,2.73509
1510881413390,2.08384,336.921,1.97728
1510881413455,1.30816,342.901,1.85451
1510881413487,0.906336,325.112,3.82493
1510881566408,354.826,387.759,0.595163
1510881566438,324.706,393.184,0.826351
1510881566504,363.458,403.214,1.1559
1510881566536,314.513,410.382,1.53683
1510881566600,224.961,419.965,1.86654
1510881566632,155.335,402.381,0.80075
1510881566707,440.815,411.28,2.30416
1510881566738,359.177,404.612,0.58668
1510881566803,222.384,388.824,0.71353
1510881566835,192.574,388.546,0.609419
1510881566902,252.073,390.715,0.580211
1510881566932,240.526,388.643,0.62153
1510881567007,180.135,377.949,0.711315
1510881567039,122.205,371.367,1.14554
1510881567103,76.091,354.739,1.23157
1510881567134,52.8465,324.458,2.64448
1510881567199,258.105,369.943,0.459758
1510881567231,223.343,376.194,0.589646
1510881567296,268.376,390.206,0.478829
1510881567500,423.973,433.862,1.71899
1510881567532,482.187,442.205,1.22878
1510881567599,467.65,441.514,1.04852
1510881567631,524.191,445.53,1.02572
1510881567707,302.06,417.931,1.78061
1510881567738,323.203,421.334,1.69295
1510881567803,279.899,408.844,0.520774
1510881567835,255.214,402.445,0.520154
1510881567901,280.842,399.841,1.02745
1510881567932,194.132,388.68,0.828144
1510881568007,114.237,362.566,0.824883
1510881568039,124.734,369.703,0.55578
1510881568103,77.9019,372.708,1.12765
1510881568135,238.264,389.893,1.16144
1510881568201,323.548,389.412,0.947107
1510881568234,397.391,390.744,1.0512
1510881568298,481.013,402.115,1.06022
1510881568341,504.319,414.082,1.59531
1510881568404,553.997,419.509,1.32665
1510881568436,496.406,382.001,1.11595
1510881568500,541.348,405.984,1.43013
1510881568531,472.556,404.704,0.623935
1510881568596,478.85,406.826,0.467013
1510881568639,509.837,412.618,0.437541
1510881568704,406.336,398.227,0.836747
1510881568734,310.608,391.882,0.483054
1510881568801,192.921,381.445,0.671632
1510881568833,144.158,366.832,1.58006
1510881568900,319.858,394.019,0.558124
1510881568932,265.877,378.848,2.14565
1510881568999,370.024,393.453,1.12414
1510881569031,261.391,379.758,1.14652
1510881569096,162.926,367.489,0.798906
1510881569139,150.218,369.404,0.887057
1510881569204,130.362,365.046,0.655012
1510881569236,111.433,357.833,0.966436
1510881569303,187.43,352.512,1.4077
1510881569336,266.482,366.151,1.20302
1510881569403,177.052,366.411,0.430409
1510881569435,271.669,387.651,0.418314
1510881569502,210.517,383.552,0.394678
1510881569534,190.862,381.726,0.408007
1510881569599,302.898,393.523,0.580441
1510881569631,343.514,398.424,0.398397
1510881569705,295.899,377.153,0.743177
1510881569737,401.456,388.382,0.654945
1510881569804,521.509,391.095,1.12688
1510881569836,422.425,389.132,0.531217
1510881569899,265.93,355.288,1.51663
1510881569932,235.055,351.916,1.57794
1510881570004,330.77,378.132,0.454837
1510881570036,357.501,390.362,1.38314
1510881570102,256.511,380.24,1.18384
1510881570134,262.345,385.902,4.80884
1510881570199,164.472,358.82,3.50203
1510881570239,139.753,362.072,3.4428
1510881570304,232.264,379.342,1.39908
1510881570336,654.151,342.959,6.59752
1510881570402,627.701,360.935,1.5054
1510881570596,158.381,339.213,0.984818
1510881570640,135.89,351.352,0.696815
1510881570703,77.9809,351.029,1.17772
1510881570834,154.034,370.374,0.564448
1510881570901,178.068,374.17,0.326858
1510881570932,325.732,367.408,1.50223
1510881571136,327.769,396.499,1.12846
1510881571232,369.629,400.553,1.13317
1510881571297,196.904,367.622,1.64709
1510881571330,225.045,374.448,0.557299
1510881571600,148.701,369.429,1.01191
1510881571633,77.6441,365.955,0.979829
1510881571706,640.942,310.379,4.07233
1510881571737,449.185,335.005,0.703411
1510881571803,345.014,350.049,0.582098
1510881571835,235.782,348.408,0.554828
1510881571902,477.518,363.958,2.06623
1510881571934,329.525,356.52,0.465239
1510881716376,328.028,454.886,0.685864
1510881716385,163.917,442.381,0.685648
1510881716483,269.93,448.158,0.663998
1510881716547,320.872,442.124,0.640286
1510881716579,285.266,436.581,0.671055
1510881716654,300.051,443.517,0.658828
1510881716710,183.836,437.21,0.869393
1510881716742,126.43,427.85,0.393192
1510881716784,106.622,422.626,0.446812
1510881716848,67.2842,426.116,1.06084
1510881716880,104.978,425.09,1.01609
1510881716945,87.6492,420.206,0.490125
1510881717021,49.6765,416.669,0.422287
1510881717041,44.554,415.05,0.429829
1510881717085,62.0376,414.795,0.471876
1510881717149,132.761,417.54,0.55961
1510881717181,135.588,418.266,0.512977
1510881717247,174.753,418.789,0.513428
1510881717280,197.363,420.353,0.525738
1510881717345,137.311,416.797,0.491591
1510881717410,141.787,417.323,0.525867
1510881717442,133.752,416.974,0.505884
1510881717484,92.8493,416.566,0.798012
1510881717550,58.0732,416.988,0.491539
1510881717582,40.2928,417.729,0.968891
1510881717648,96.897,411.397,0.415984
1510881717680,88.4303,411.955,0.506926
1510881717747,109.107,415.973,0.505932
1510881717812,65.2366,414.463,0.473815
1510881717845,78.3701,418.008,0.492552
1510881717912,99.9019,419.805,0.52797
1510881717943,68.8927,421.594,0.594115
1510881718007,131.419,413.726,0.515268
1510881718050,161.523,421.641,0.605224
1510881718083,183.807,413.625,0.582127
1510881718149,179.722,408.155,0.42266
1510881718180,125.386,412.915,0.550886
1510881718248,77.6829,427.369,1.54988
1510881718279,53.6786,424.8,2.1681
1510881718344,240.097,429.497,0.538416
1510881718411,229.194,415.52,0.553523
1510881718443,318.357,413.508,0.522376
1510881718519,272.995,406.844,0.579103
1510881718551,320.387,409.857,0.555961
1510881718584,362.959,408.678,0.632773
1510881718650,413.891,406.198,0.373499
1510881718681,516.077,411.615,0.388277
1510881718747,610.187,398.083,1.38238
1510881718810,715.478,387.677,1.64936
1510881718842,770.08,391.887,1.37327
1510881718885,795.262,401.08,1.11174
1510881718950,727.365,401.197,1.19316
1510881718981,747.596,397.754,1.79338
1510881719047,743.875,395.686,1.43225
1510881719079,689.263,381.176,1.84226
1510881719144,713.017,376.398,1.84979
1510881719209,651.607,376.712,0.978578
1510881719242,624.769,392.077,0.374775
1510881719381,491.566,412.615,0.887957
1510881719446,489.246,414.326,1.28516
1510881719511,441.054,416.297,0.561267
1510881719543,479.107,418.577,0.470787
1510881719609,421.592,422.647,0.4685
1510881719642,424.281,424.806,0.491162
1510881719718,455.307,428.283,0.526904
1510881719750,520.71,429.966,0.762168
1510881719783,490.158,428.254,0.625434
1510881719850,496.378,428.93,0.468054
1510881719881,559.679,431.168,0.555883
1510881719946,574.06,429.422,0.791247
1510881720010,506.848,415.163,1.15741
1510881720043,496.932,401.8,1.06009
1510881720085,446.098,396.164,1.2433
1510881720148,456.809,396.672,0.698036
1510881720180,373.175,387.401,0.916429
1510881720246,271.528,375.729,1.08481
1510881720287,222.026,370.595,1.23374
1510881720352,226.988,371.009,0.954196
1510881720383,190.474,367.502,1.08571
1510881720448,165.904,354.846,1.41429
1510881720480,148.624,352.45,1.47963
1510881720545,93.3724,348.239,1.62083
1510881720610,56.3775,337.467,1.3931
1510881720642,38.4221,341.359,0.836086
1510881720717,22.4808,330.812,1.35308
1510881720750,15.1283,330.148,0.934721
1510881720782,10.8201,336.672,0.787542
1510881720847,6.85603,348.644,0.703945
1510881720880,23.1991,355.035,0.608718
1510881720944,14.6834,353.471,0.818245
1510881721009,8.89084,347.502,0.954187
1510881721051,5.88317,348.787,0.873749
1510881721083,4.17424,345.295,1.16282
1510881892869,444.572,391.412,0.38361
1510881892909,610.932,419.823,0.612812
1510881892941,723.907,399.954,1.27984
1510881893006,704.081,404.05,0.59873
1510881893038,675.362,403.427,0.574385
1510881893103,476.563,383.805,1.60143
1510881893136,476.304,364.432,0.991204
1510881893210,492.505,364.585,0.923676
1510881893243,628.655,380.05,0.766481
1510881893310,726.026,387.895,1.00628
1510881893339,768.605,399.624,0.607885
1510881893406,796.992,402.583,0.827988
1510881893438,777.894,414.122,0.472582
1510881893504,808.388,423.854,0.686145
1510881893536,810.917,424.673,0.644967
1510881893610,724.731,402.464,0.849373
1510881893642,737.285,405.62,0.728952
1510881893707,746.39,415.13,0.475921
1510881893740,716.798,410.57,0.64269
1510881893782,691.77,410.333,0.609047
1510881893838,685.771,417.801,0.577766
1510881893904,618.267,407.344,0.408435
1510881893936,671.263,406.133,0.652233
1510881893979,644.918,403.696,0.764545
1510881894046,541.61,392.651,0.939601
1510881894112,427.687,389.742,0.90008
1510881894144,419.117,391.904,0.736639
1510881894210,557.233,396.476,0.287903
1510881894242,605.412,413.496,0.359803
1510881894309,587.294,418.782,0.278235
1510881894342,651.458,424.284,0.462191
1510881894409,630.371,415.217,0.35888
1510881894441,580.369,411.486,0.0753674
1510881894508,704.882,419.834,0.766968
1510881894541,580.519,407.043,0.63627
1510881894608,545.125,405.9,0.796715
1510881894641,531.234,401.938,0.67391
1510881894706,422.011,381.334,1.33472
1510881894738,418.029,369.085,1.22858
1510881894781,493.128,373.24,0.758399
1510881894837,540.921,375.291,0.87414
1510881894879,556.086,378.417,0.739287
1510881894945,524.851,388.102,0.306645
1510881895009,453.796,361.145,1.06102
1510881895042,490.738,360.204,0.447504
1510881895109,556.511,373.055,0.199734
1510881895140,545.792,375.016,0.261217
1510881895207,527.063,375.294,0.589353
1510881895239,402.41,373.678,0.405712
1510881895305,298.948,372.723,0.443275
1510881895336,337.192,378.107,0.400991
1510881895402,341.684,379.63,0.254
1510881895435,247.448,371.152,0.417404
1510881895512,279.419,372.974,0.33708
1510881895544,281.742,372.792,0.336266
1510881895610,174.028,366.532,0.980998
1510881895641,130.657,364.704,0.641738
1510881895705,81.9509,359.354,1.24921
1510881895737,135.599,362.1,0.437903
1510881895779,192.755,365.282,0.386479
1510881895845,141.085,353.343,1.27409
1510881895909,218.018,362.903,0.514595
1510881895941,197.374,365.783,0.436659
1510881896007,121.877,363.178,0.808741
1510881896039,109.853,365.741,0.579379
1510881896104,68.8085,362.973,0.913147
1510881896136,47.7715,359.389,0.901317
1510881896209,28.679,370.458,1.26766
1510881896241,19.5574,367.63,1.00481
1510881896306,12.1364,354.514,1.25102
1510881896337,8.39206,348.158,0.850623
1510881896402,5.23873,326.671,2.36212
1510881896436,3.60949,328.253,1.11246
1510881896501,17.9224,341.004,0.650634
1510881896544,11.9545,339.004,1.25797
1510881896608,72.647,354.203,0.496405
1510881896639,55.7585,352.659,0.862421
1510881896703,35.0145,350.756,1.12294
1510881896746,23.4284,359.426,1.43655
1510881896810,14.5037,347.719,1.18645
1510881896842,75.677,357.515,0.4518
1510881896906,69.7557,331.517,1.83926
1510881896938,88.5425,344.802,0.796542
1510881897004,60.8713,350.713,0.892193
1510881897037,53.0217,350.509,0.801616
1510882074657,772.854,426.711,0.952181
1510882074698,388.921,382.812,1.03258
1510882074731,242.933,391.672,2.3672
1510882074798,144.787,379.412,0.8813
1510882074842,182.357,384.41,0.269798
1510882074897,117.46,381.054,0.85553
1510882074930,98.5802,380.36,0.280382
1510882075004,222.575,386.068,0.138412
1510882075035,151.712,380.273,0.298666
1510882075112,87.6893,373.676,0.863329
1510882075133,60.4845,367.649,0.698599
1510882075197,37.9288,359.688,0.79671
1510882075272,34.8691,359.886,0.429851
1510882075304,44.0773,351.441,1.16041
1510882075335,31.4853,356.531,1.56984
1510882075401,26.575,362.585,0.458505
1510882075433,18.5391,354.757,0.990257
1510882075496,11.7484,361.108,0.845926
1510882075537,13.503,364.841,0.675619
1510882075602,29.4616,365.695,0.328282
1510882075633,119.037,368.276,0.376361
1510882075698,74.3378,367.142,0.629602
1510882075730,205.612,377.955,0.452849
1510882075804,178.586,365.298,0.606391
1510882075837,141.521,362.999,0.622923
1510882075880,178.565,362.052,0.541011
1510882075935,118.18,369.497,2.34649
1510882076000,72.433,377.961,2.0356
1510882076031,87.0139,357.605,4.3153
1510882076095,54.802,386.614,5.02578
1510882076137,121.926,391.574,1.16801
1510882076202,75.5186,393.109,2.56684
1510882076244,50.4347,399.967,7.86144
1510882076299,32.7025,405.411,5.18501
1510882076330,53.8254,393.06,1.41957
1510882076445,24.5181,398.008,4.78702
1510882076498,23.2157,356.198,4.38071
1510882076530,15.5159,365.95,4.99516
1510882076607,8.95437,377.704,2.26319
1510882076638,6.01115,390.908,3.09059
1510882076735,3.05338,410.312,5.39885
1510882076801,1.70147,398.59,4.18671
1510882076832,1.12718,403.169,3.9152
1510882076897,0.694946,403.326,4.78925
1510882076929,0.477765,401.106,5.0179
1510882077003,0.283947,401.052,4.70257
1510882077034,0.192845,400.956,2.11747
1510882077098,0.120795,402.888,2.00858
1510882077130,127.952,400.727,0.722152
1510882077206,266.142,402.466,0.72764
1510882077238,179.542,402.064,2.00723
1510882077302,246.71,403.566,1.14654
1510882077334,176.554,397.651,2.09868
1510882077430,90.6017,379.666,0.656594
1510882077506,150.173,373.169,0.338029
1510882077537,155.537,370.323,0.401116
1510882077603,186.63,370.306,0.29445
1510882077635,127.749,368.034,0.462736
1510882077699,79.846,353.66,1.15458
1510882077731,59.2999,347.009,0.571853
1510882077807,94.8918,350.255,0.308161
1510882077829,101.253,354.237,0.315166
1510882077906,58.8792,353.809,0.494314
1510882077937,48.6192,357.416,0.203017
1510882078003,30.0456,359.111,0.500374
1510882078035,20.6764,360.286,0.522507
1510882078102,12.808,348.736,1.31354
1510882078132,34.4826,352.796,0.30604
1510882078199,132.24,358.443,0.751953
1510882078230,94.4908,360.657,0.516911
1510882078295,189.137,364.328,0.646697
1510882078371,106.461,372.323,1.13167
1510882078403,70.5862,366.922,0.61199
1510882078436,141.972,374.089,0.521149
1510882078503,175.382,370.507,0.756272
1510882078534,121.954,371.43,0.742063
1510882078599,81.9373,365.591,0.607075
1510882078631,96.3323,370.622,0.695318
1510882078697,59.8886,360.351,0.682641
1510882078773,186.865,362.499,0.445912
1510882078805,136.273,359.554,0.567728
1510882078837,264.496,382.34,0.235636
1510882078903,347.391,391.754,0.294438
1510882078935,243.545,383.373,0.375955
1510882079000,173.436,384.648,0.462758
1510882079032,124.643,382.969,0.270471
1510882079097,86.9858,383.842,0.469858
1510882079129,118.874,384.357,0.110546
1510882079205,69.6026,379.247,0.313144
1510882079237,99.1986,382.351,0.163411
1510882079303,124.137,384.4,0.126303
1510882079335,272.828,395.833,0.195365
1510882079401,353.298,396.966,0.294068
1510882079432,271.006,390.548,0.404949
1510882079497,170.07,381.362,0.571032
1510882079530,272.891,386.721,0.218292
1510882079606,278.264,388.132,0.193655
1510882079638,223.151,385.301,0.191888
1510882079703,137.887,381.415,0.637356
1510882079735,262.427,386.078,0.241545
1510882079802,162.767,377.796,1.16014
1510882079833,124.188,378.304,0.321102
1510882079900,255.526,383.814,0.213401
1510882079931,317.637,384.94,0.214938
1510882080007,323.512,383.553,0.207375
1510882080070,309.927,381.724,0.219362
1510882080101,244.593,376.269,0.136424
1510882080133,349.965,378.63,0.222592
1510882080198,235.347,378.19,0.321319
1510882080230,188.563,373.585,0.223334
1510882080306,262.411,376.423,0.230768
1510882080337,245.06,377.299,0.191981
1510882080403,193.026,374.272,0.127226
1510882080435,172.02,372.648,0.167958
1510882080502,292.707,377.168,0.240008
1510882080535,319.541,382.998,0.18716
1510882080600,252.492,376.631,0.142461
1510882080632,205.242,371.845,0.20105
1510882080695,182.499,371.243,0.148091
1510882080772,133.718,371.031,0.188618
1510882080803,96.2623,369.551,0.301103
1510882080834,97.9603,368.775,0.345326
1510882080900,71.3241,369.423,0.281927
1510882080932,49.7641,366.137,0.294105
1510882080995,41.1897,364.373,0.154308
1510882081038,47.3929,368.549,0.416301
1510882081103,29.2243,367.641,1.83099
1510882081135,20.1533,353.159,1.75539
1510882081199,12.6366,346.449,1.75301
1510882081232,16.9449,339.207,1.2237
1510882081295,60.1743,347.474,0.917969
1510882081372,154.684,359.383,0.581589
1510882081404,105.541,360.791,0.727708
1510882081436,75.0007,355.773,1.26284
1510882081501,47.3856,357.744,1.00712
1510882081532,82.2771,362.281,0.618834
1510882081596,71.832,363.13,1.50581
1510882081638,48.2392,363.109,2.95167
1510882081704,29.7434,364.477,2.1238
1510882081735,20.5706,368.73,3.73888
1510882081799,87.9467,370.329,0.93641
1510882081829,61.3001,370.605,4.12775
1510882081905,36.1949,378.025,3.43395
1510882081935,103.518,354.932,4.04846
1510882081999,64.849,362.232,3.26127
1510882082030,45.0251,374.129,3.72228
1510882082106,38.9659,388.147,4.9512
1510882082137,49.2451,384.464,0.970578
1510882082203,118.595,387.783,0.58073
1510882082235,114.346,388.704,1.99124
1510882082302,70.8452,389.969,3.2981
1510882082334,106.952,367.992,3.62271
1510882082400,66.2824,386.886,4.00593
1510882082433,45.5272,396.721,4.39083
1510882082500,28.1792,404.739,4.68722
1510882082532,19.4051,433.473,9.87578
1510882082596,12.16,420.308,2.78348
1510882082673,6.85273,442.983,4.65763
1510882082703,148.866,430.605,2.16664
1510882082800,184.008,401.788,0.865377
1510882082896,114.063,371.152,0.886888
1510882082973,215.085,360.984,1.85803
1510882082994,213.237,363.631,2.51475
1510882083037,236.01,377.441,2.04129
1510882083100,235.075,397.685,1.73244
1510882083133,199.44,385.993,1.86843
1510882083197,203.282,373.361,1.54081
1510882083262,157.123,370.295,1.17695
1510882083295,143.211,364.614,0.506047
1510882083372,82.7703,345.095,1.38998
1510882083404,213.066,353.377,4.84572
1510882083435,224.555,346.074,1.14347
1510882083501,293.634,345.524,1.23462
1510882083533,225.508,345.994,0.952775
1510882083597,291.488,318.498,2.4785
1510882083630,213.463,318.347,1.11182
1510882083705,171.278,336.684,4.03569
1510882083737,115.974,332.631,1.34158
1510882083804,189.349,336.473,0.864325
1510882083835,160.855,337.74,1.43766
1510882084103,141.599,337.109,0.815033
1510882084136,228.442,335.914,2.00361
1510882084200,208.34,338.972,0.225302
1510882084232,282.671,346.021,0.442089
1510882084298,359.273,348.727,0.566442
1510882084330,316.969,348.583,0.621548
1510882175342,66.1535,429.364,0.517976
1510882175579,356.574,432.088,0.291581
1510882175645,167.252,412.783,0.765269
1510882175709,194.573,397.196,0.33555
1510882175741,258.344,405.975,0.275735
1510882175818,152.652,395.909,0.636317
1510882175840,104.799,392.893,1.10196
1510882175914,69.6055,388.558,0.66969
1510882176207,45.9959,398.192,0.508784
1510882176240,99.4573,381.552,0.310168
1510882176540,154.27,365.926,0.414494
1510882176615,300.014,346.379,0.743331
1510882176647,184.694,353.038,0.320765
1510882176843,45.5793,406.198,0.755262
1510882176909,22.2705,408.895,0.697431
1510882177017,9.59361,397.028,0.308779
1510882177048,54.0104,386.378,0.427981
1510882177608,2.3314,378.91,0.342574
1510882177641,1.14964,432.78,1.03052
1510882177909,0.177013,377.068,1.08756
1510882177941,0.0923316,428.743,0.941842
1510882178017,5.00307,442.454,0.374932
1510882178058,26.2207,429.008,0.507924
1510882292793,1653.92,463.911,3.23038
1510882292858,1034.59,450.959,1.51633
1510882293189,187.234,413.8,1.26187
1510882293266,92.8034,410.864,0.392219
1510882293287,58.3123,410.422,0.452997
1510882293363,32.8934,420.465,0.928753
1510882293384,39.6378,422.979,0.749987
1510882293450,46.1967,430.262,1.2472
1510882293482,45.1786,428.937,0.778455
1510882293558,26.5665,432.141,0.845809
1510882293590,17.9131,430.165,1.15797
1510882293655,16.0797,424.468,0.599807
1510882293688,114.553,419.608,0.161813
1510882293754,90.0054,416.726,0.590016
1510882293797,59.6451,418.926,1.11851
1510882293853,69.0604,413.626,0.758084
1510882293896,46.5947,421.012,0.789202
1510882293950,30.6469,419.038,1.07446
1510882293993,20.8387,416.638,1.08419
1510882294047,13.7539,414.786,0.593482
1510882294090,41.0703,409.925,0.361859
1510882294155,25.6581,409.103,0.710163
1510882294188,24.6851,407.482,0.429461
1510882294266,14.3309,404.413,0.844706
1510882294286,41.751,408.972,0.439827
1510882294364,24.2631,421.751,1.68548
1510882294482,10.1698,423.211,1.15325
1510882294555,5.2128,424.906,1.05527
1510882294586,3.36326,433.293,1.2244
1510882294651,2.05171,427.166,0.557054
1510882294684,83.1354,428.514,0.321713
1510882294749,92.1732,426.291,0.495985
1510882294790,137.348,423.142,0.357547
1510882294855,85.0739,425.178,1.03098
1510882294887,58.6026,421.014,0.982795
1510882294929,40.8764,416.237,1.05234
1510882294984,27.0248,421.131,1.88698
1510882295049,16.6479,421.915,1.41402
1510882295091,11.0934,421.898,1.09251
1510882295155,6.85582,421.088,1.69384
1510882295187,4.71807,420.891,1.27541
1510882295229,3.30269,420.427,0.978377
1510882295282,2.20907,421.499,1.55572
1510882295356,1.29854,423.734,1.84165
1510882295389,0.875443,417.524,0.87354
1510882295431,0.604452,416.96,1.436
1510882295496,0.379207,416.741,1.83689
1510882547943,367.178,378.659,0.888264
1510882548008,360.858,380.461,1.21117
1510882548040,299.763,368.928,0.380257
1510882548116,256.175,358.812,0.296123
1510882548147,233.862,355.907,0.296772
1510882548179,252.398,354.431,0.341171
1510882548244,227.596,352.659,0.231203
1510882548311,189.497,347.706,0.253452
1510882548343,198.316,350.428,0.0951985
1510882548409,190.121,346.171,0.23065
1510882548442,220.629,343.948,0.307585
1510882548510,237.703,341.397,0.217413
1510882548541,257.835,342.033,0.589375
1510882548607,212.601,344.317,0.0887561
1510882548649,233.262,343.002,0.501971
1510882548682,228.76,341.404,0.148393
1510882548747,300.742,347.67,1.42439
1510882548779,305.858,355.031,0.79892
1510882548846,531.876,380.3,2.5051
1510882548923,456.648,370.515,1.02053
1510882548944,414.603,372.582,0.980602
1510882549022,435.827,376.501,1.69801
1510882549042,412.379,372.752,1.18086
1510882549119,503.968,391.235,2.31744
1510882549140,443.306,376.984,0.661001
1510882549216,361.657,366.121,0.237246
1510882549247,390.423,372.535,1.331
1510882549279,382.799,371.579,1.11615
1510882549347,402.193,382.081,1.52802
1510882549387,372.096,368.59,0.540565
1510882549440,478.289,368.706,1.13084
1510882549484,590.444,377.43,2.52164
1510882549550,668.71,362.269,1.19396
1510882549581,846.93,357.618,2.51747
1510882549646,933.753,354.696,2.55042
1510882549746,784.824,366.899,2.09971
1510882549920,1007.33,340.068,1.76584
1510882550241,638.974,370.709,0.204871
1510882550284,556.177,369.529,0.0770693
1510882550352,568.686,380.782,0.256208
1510882550383,575.113,378.914,0.1662
1510882550447,472.03,375.722,0.112561
1510882550479,409.796,377.1,0.475825
1510882550545,332.658,374.923,0.4193
1510882550846,283.409,365.621,0.226297
1510882551180,476.027,416.016,3.44572
1510882551244,499.407,395.244,1.72883
1510882551480,1460.92,487.895,6.5464
1510883624567,330.34,368.471,0.89463
1510883624598,329.635,369.475,0.821118
1510883624629,323.939,370.271,0.897648
1510883624694,442.294,367.149,0.777238
1510883624759,881.888,429.81,4.03284
1510883624791,720.763,407.8,0.70327
1510883624833,599.615,399.213,0.691928
1510884545368,277.045,224.654,1.27352
1510884545497,331.702,240.591,0.866566
1510884545530,326.454,265.99,1.52663
1510884545605,255.579,257.589,0.97412
1510884545658,282.675,258.453,0.4092
1510884545701,310.488,254.268,0.563823
1510884545734,303.091,256.915,0.82325
1510884545798,358.774,257.658,0.476173
1510884545861,368.855,264.489,0.406976
1510884545903,383.735,260.495,0.502463
1510884545967,395.58,268.267,0.370204
1510884546000,404.385,271.471,0.356599
1510884546032,450.094,278.834,0.367912
1510884546097,467.969,282.511,0.466309
1510884546129,521.85,286.593,0.395444
1510884546194,584.053,295.219,0.394496
1510884546236,661.606,306.227,0.380464
1510884546301,626.366,304.351,0.345236
1510884546332,652.938,322.918,0.532739
1510884546398,673.214,332.893,0.40278
1510884546430,618.081,350.513,0.702224
1510884546493,598.653,332.361,0.357542
1510884546537,633.069,328.165,0.430336
1510884546591,621.524,312.123,0.392649
1510884546633,611.44,304.717,0.298496
1510884546698,653.527,311.937,0.399744
1510884546731,660.655,311.816,0.435707
1510884546795,664.938,309.637,0.39571
1510884546860,692.768,320.033,0.57086
1510884546892,704.39,315.021,0.347041
1510884546935,711.031,328.522,0.468803
1510884547001,699.488,320.522,0.377914
1510884547032,707.032,314.168,0.424103
1510884547097,677.058,315.64,0.393943
1510884547130,662.74,316.119,0.429495
1510884547197,672.113,297.103,0.566706
1510884547239,689.039,305.247,0.435744
1510884547294,681.098,291.028,0.613587
1510884547337,642.284,272.658,0.791941
1510884547403,630.32,274.526,0.627311
1510884547468,650.213,280.578,0.498021
1510884547499,634.706,279.387,0.539478
1510884547533,633.745,270.952,0.5508
1510884547597,490.896,271.727,0.561174
1510884547630,453.86,276.03,0.62547
1510884547694,472.804,263.858,0.598016
1510884547759,525.771,265.467,0.518062
1510884547801,488.39,258.593,0.551232
1510884547833,535.374,268.882,0.375279
1510884547897,670.131,286.368,0.626429
1510884547929,694.992,292.357,0.348892
1510884547994,636.46,332.079,0.355645
1510884548069,622.313,321.741,0.507675
1510884548100,617.637,315.872,0.557576
1510884548132,589.049,305.863,0.363574
1510884548196,480.286,292.346,0.717323
1510884548271,406.801,273.711,0.433503
1510884548293,377.959,279.059,0.587718
1510884548358,434.45,285.927,0.501358
1510884548391,398.771,283.861,0.453241
1510884548434,376.589,276.821,0.579515
1510884907854,305.348,172.279,0.832927
1510884907896,307.336,209.206,0.551018
1510884907950,343.464,202.926,1.34013
1510884908090,398.308,207.425,0.764211
1510884908155,304.939,199.048,0.969969
1510884908185,320.766,204.999,0.733145
1510884908249,454.062,238.643,0.639843
1510884908281,459.45,271.757,2.22129
1510884908356,485.299,259.099,2.11682
1510884908388,328.584,213.051,3.86044
1510884908453,243.363,214.467,2.42433
1510884908484,357.748,241.413,0.351617
1510884908549,505.414,267.795,0.4655
1510884908687,624.947,276.152,2.04252
1510884909159,36.6918,185.352,4.12872
1510884909191,132.174,207.054,2.12103
1510884909257,322.991,217.926,2.26822
1510884909289,472.142,247.65,1.31269
1510884909352,439.218,241.475,2.12337
1510884909385,410.536,235.088,1.78041
1510884909460,517.5,247.155,1.69465
1510884909491,627.985,263.436,1.62774
1510884909556,756.967,274.586,1.61067
1510884909588,770.659,287.014,0.59328
1510884909652,697.055,281.164,2.51678
1510884909683,495.31,238.823,2.83473
1510884909759,570.678,242.084,1.96454
1510884909789,639.876,259.808,0.668362
1510884909855,601.175,266.706,2.00599
1510884909885,644.403,282.241,0.436697
1510884909948,659.323,290.206,0.489857
1510884909991,673.404,280.726,1.46525
1510884910057,612.214,280.254,0.529627
1510884910088,644.099,290.493,0.610065
1510884910154,680.2,292.296,0.620003
1510884910186,663.15,295.388,0.354911
1510884910251,589.185,290.73,0.469988
1510884910283,538.101,285.966,0.284794
1510884910357,425.301,272.477,0.339952
1510884910389,402.923,273.945,0.263002
1510884910455,386.506,275.075,0.265628
1510884910487,356.311,274.728,0.490448
1510884910553,346.764,276.608,0.4
1510884910583,326.849,274.79,0.355429
1510884910660,382.233,278.608,0.296129
1510884910691,332.562,262.46,0.591101
1510884910755,366.937,255.763,0.459861
1510884910787,325.073,258.652,0.450072
1510884910854,387.467,269.032,0.423978
1510884910886,377.077,270.062,0.394999
1510884910950,408.727,276.605,0.445779
1510884910982,400.675,277.326,0.308365
1510884911057,336.16,273.602,0.420378
1510884911088,450.669,282.445,0.401622
1510884911153,427.866,254.231,2.23214
1510884911186,518.576,260.81,1.07021
1510884911252,455.572,268.904,0.237123
1510884911285,457.768,268.083,0.732563
1510884911349,288.48,240.72,2.2692
1510884911381,215.684,240.41,0.558009
1510884911457,126.345,210.609,3.02387
1510884911489,147.165,225.606,1.75578
1510884911552,92.3424,157.575,2.46912
1510884911585,166.627,168.353,1.33817
1510884911650,104.682,123.86,2.81219
1510884911692,70.0557,96.6603,3.61791
1510884911757,153.088,158.241,0.446354
1510884911789,105.502,152.64,1.85708
1510884911854,216.031,191.436,0.426812
1510884911887,295.474,216.649,0.362573
1510884911952,354.385,240.987,0.192825
1510884911985,395.481,253.966,0.384878
1510884912049,267.498,235.07,0.917386
1510884912091,281.066,228.226,0.758957
1510885425961,413.761,433.823,0.383488
1510885425992,367.852,416.98,0.369557
1510885426057,290.843,411.358,0.361549
1510885426089,323.236,408.819,0.232663
1510885426162,309.653,433.319,0.71505
1510885426196,256.983,423.66,0.450925
1510885426260,272.835,419.791,0.370581
1510885426292,329.252,411.818,0.280302
1510885426355,362.776,411.679,0.381279
1510885426386,413.142,412.395,0.284671
1510885426429,427.123,406.898,0.26209
1510885426493,496.797,411.474,0.325002
1510885426559,407.307,398.788,0.235844
1510885426590,407.185,400.535,0.278039
1510885426654,402.785,396.571,0.218152
1510885426687,428.508,406.968,0.407824
1510885426729,422.117,414.476,0.543646
1510885426854,365.931,398.677,0.282005
1510885426896,347.424,418.528,0.6172
1510885426960,364.611,419.664,0.406323
1510885426992,399.151,413.507,0.298763
1510885427057,362.733,401.646,0.189083
1510885427089,452.994,402.159,0.294937
1510885427154,518.898,404.292,0.346618
1510885427187,547.495,402.879,0.359555
1510885427254,533.289,397.774,0.245857
1510885427286,526.508,391.879,0.206839
1510885427361,483.358,385.275,0.269762
1510885427394,443.544,384.208,0.456152
1510885427457,419.874,383.44,0.28312
1510885427490,399.026,378.359,0.236333
1510885427554,366.22,375.623,0.182588
1510885427586,376.816,372.472,0.204567
1510885427663,377.867,369.727,0.32799
1510885427692,374.406,374.521,0.251741
1510885427756,465.575,393.262,0.28585
1510885427799,438.675,391.059,0.224572
1510885427863,370.842,387.005,0.227621
1510885427894,373.588,379.127,0.341972
1510885427957,385.062,372.591,0.434642
1510885428064,366.596,367.585,0.286423
1510885494153,429.519,306.451,2.05362
1510885494194,396.466,324.723,0.992151
1510885494429,223.085,365.246,0.836339
1510885494494,190.946,348.958,1.48423
1510885494560,210.519,356.816,0.59043
1510885494592,208.393,352.579,1.45104
1510885494797,64.3819,343.894,1.20143
1510885494831,137.577,348.405,1.34495
1510885494905,132.783,366.831,0.319765
1510885886993,670.142,423.021,0.214887
1510885887059,647.442,424.327,0.259423
1510885887091,666.221,434.686,0.417246
1510885887157,631.451,418.401,0.626946
1510885887189,650.243,417.4,0.778307
1510885887255,652.346,428.164,0.968389
1510885887288,673.647,427.387,0.721365
1510885887354,711.868,423.214,0.2124
1510885887387,708.806,417.27,0.267501
1510885887453,647.283,402.367,0.303059
1510885887485,591.644,395.385,0.243601
1510885887551,556.144,390.71,0.192223
1510885887855,600.345,400.162,0.596001
1510885887887,606.482,396.777,0.512531
1510885887951,657.468,401.148,0.457752
1510885888091,597.55,399.68,0.573838
1510885888692,399.623,373.072,0.533489
1510885888758,379.798,379.005,2.40014
1510885888790,388.815,379.949,0.389458
1510885889055,627.194,390.311,0.288294
1510885889087,659.089,391.836,0.141415
1510885889187,535.435,382.946,0.131117
1510885889253,544.955,382.536,0.11548
1510885889285,481.265,384.509,0.0755972
1510885889458,669.985,385.744,0.182002
1510885889490,678.566,372.275,0.447388
1510885889853,565.029,358.606,0.348701
1510885890057,391.646,392.548,0.0839439
1510885890089,222.418,405.954,0.961875
1510885890155,332.944,392.423,0.27748
1510885890185,394.452,388.365,0.61691
1510885890261,427.806,383.957,0.143525
1510885890292,484.147,383.594,0.217651
1510885890356,478.713,380.135,0.127781
1510885890389,440.486,379.917,0.287221
1510885890455,463.458,377.347,0.134117
1510885890487,433.065,375.573,0.244468
1510885890553,459.241,375.705,0.157148
1510885890597,540.439,378.097,0.292593
1510885890652,558.483,371.437,0.753249
1510885890684,569.89,377.377,0.531921
1510885890760,725.255,367.549,0.480379
1510885890792,656.001,368.085,0.182952
1510885890890,629.112,369.693,0.430393
1510885891791,10.8942,462.305,1.35994
1510886074637,26.301,381.369,0.550219
1510886075699,0.32748,495.429,1.22029
1510886075731,0.159075,477.946,0.862588
1510886075798,240.5,450.114,0.555414
1510886075829,290.784,447.556,1.0139
1510886075905,311.808,435.012,0.889074
1510886075937,400.858,429.918,0.742513
1510886076001,491.636,418.557,0.867436
1510886076034,453.288,417.197,0.910257
1510886076098,442.523,415.216,0.530653
1510886076130,430.27,422.004,0.450167
1510886076205,478.034,412.815,0.295993
1510886076235,508.397,406.667,0.351392
1510886076301,546.702,407.539,0.360978
1510886076333,717.637,281.702,8.01548
1510886076400,885.271,173.835,6.77451
1510886076732,1431.67,484.558,0.95588
1510886076798,1360.7,456.95,1.50319
1510886076829,1346.06,438.296,1.8703
1510886076894,1361.55,452.787,1.6268
1510886076971,1337.39,445.656,2.15887
1510886077002,1350.33,445.796,1.73938
1510886077131,1434.46,402.17,0.989768
1510886077197,894.277,379.241,0.577856
1510886077230,722.48,371.252,0.27666
1510886077297,542.33,374.59,0.380559
1510886077372,515.949,381.337,0.294928
1510886077392,513.972,362.907,0.291088
1510886077437,441.179,369.211,0.483759
1510886077503,476.869,381.88,0.984674
1510886077633,604.949,398.691,0.251307
1510886078898,5.36621,718.777,5.55421
1510886079133,509.186,408.1,1.03444
1510886079198,591.66,379.228,0.794597
1510886079231,592.151,371.314,0.542833
1510886079295,587.94,368.788,0.415953
1510886079369,546.985,375.779,0.771259
1510886079400,566.842,371.538,0.504823
1510886079432,516.731,365.628,0.238763
1510886079498,480.552,368.474,0.39543
1510886079530,477.627,366.051,0.366768
1510886079596,475.463,370.085,0.612337
1510886079670,506.99,373.469,0.585059
1510886079701,512.742,375.689,0.693595
1510886079733,500.897,376.54,1.26623
1510886079797,499.592,383,1.12054
1510886079831,546.364,381.553,0.46482
1510886131289,422.04,391.125,0.345379
1510886131354,284.426,394.755,0.214514
1510886131454,377.578,387.034,0.383598
1510886131486,259.858,394.359,0.310682
1510886131562,187.312,397.595,0.360985
1510886131788,384.061,381.326,0.462426
1510886131866,343.606,387.139,0.613427
1510886132449,608.623,384.281,0.206208
1510886132881,844.186,379.346,0.287973
1510886132958,585.532,405.886,0.701424
1510886132989,404.883,418.988,1.12747
1510886133054,343.604,428.053,0.920107
1510886133086,301.942,414.922,0.377565
1510886133163,331.443,403.719,0.131079
1510886133763,181.634,397.626,0.31735
1510886133783,233.27,396.582,0.426868
1510886133890,242.633,389.56,0.335747
1510886133955,224.479,392.159,0.160249
1510886133987,188.744,393.262,0.238122
1510886134030,237.433,397.338,0.174612
1510886134086,290.162,401.526,0.181085
1510886134129,245.803,396.687,0.199593
1510886134183,278.613,402.69,0.227902
1510886134256,332.994,399.785,0.169491
1510886134288,327.098,397.142,0.192108
1510886134363,274.179,390.238,0.196509
1510886134383,237.458,391.483,0.313046
1510886134448,285.702,399.757,0.201914
1510886134481,331.125,399.795,0.130744
1510886134555,465.532,398.838,0.130366
1510886134587,497.642,394.056,0.24113
1510886134654,351.418,400.373,0.634558
1510886134685,268.361,394.287,0.456613
1510886134751,225.086,393.374,0.239831
1510886134783,155.563,378.276,0.425344
1510886134855,240.93,380.239,0.184072
1510886135082,223.758,349.631,0.186251
1510886135156,238.928,357.786,0.163749
1510886135188,201.987,360.68,0.223909
1510886135254,212.14,364.894,0.138589
1510886135287,206.58,356.05,0.270181
1510886135353,324.579,364.459,0.196853
1510886135384,268.26,369.644,0.392897
1510886135447,332.595,377.622,0.0797713
1510886327196,847.493,430.587,0.423977
1510886327249,774.191,440.872,0.365763
1510886327486,391.815,450.235,1.24206
1510886327553,502.643,465.501,0.940727
1510886327586,694.598,484.097,0.546454
1510886329752,171.962,350.411,0.128621
1510886329784,122.854,347.339,0.17686
1510886683762,1.52588e-05,1049,11.9888
1510886683902,179.874,740.772,1.54042
1510886684901,253.594,373.324,0.421393
1510886684934,318.952,380.142,0.369405
1510886685000,324.691,388.666,0.330318
1510886685032,334.437,387.037,0.482238
1510886685099,312.603,384.552,0.333387
1510886685132,313.773,382.903,0.353726
1510886685198,326.102,366.565,0.730737
1510886685239,348.802,356.549,0.985618
1510886685304,348.918,359.116,0.500737
1510886685336,319.239,362.661,1.59403
1510886685400,452.397,359.43,1.1354
1510886685433,435.211,354.008,1.52279
1510886685498,354.767,344.01,2.12112
1510886685531,359.049,357.758,0.475092
1510886685607,362.739,369.496,0.616609
1510886685639,377.197,361.074,0.882336
1510886685705,427.571,358.919,1.43027
1510886685736,429.381,342.828,1.14969
1510886685803,412.222,358.113,0.4398
1510886685835,386.851,367.43,0.358323
1510886685900,268.882,344.707,0.959352
1510886685932,210.042,340.246,0.826384
1510886686008,312.093,347.026,0.772573
1510886686040,265.892,316.068,2.07323
1510886686105,165.246,250.924,3.81864
1510886686138,113.638,202.356,4.83181
1510886686205,275.36,262.146,0.709876
1510886686235,220.575,270.989,0.991107
1510886686301,261.514,283.448,1.07386
1510886686334,180.252,230.402,3.94459
1510886686431,92.4019,308.915,1.63178
1510886686506,49.2023,221.876,3.40455
1510886686538,32.0692,185.303,3.70625
1510886686604,19.5351,112.878,4.83076
1510886686636,170.839,144.264,2.81965
1510886686732,87.3419,160.242,1.85456
1510886888482,315.02,385.13,0.914154
1510886888549,226.15,392.537,0.408172
1510886888581,166.814,399.214,0.431313
1510886888646,171.306,400.711,0.345891
1510886888710,101.393,405.115,0.546023
1510886888742,124.97,402.837,0.788494
1510886888817,72.8857,406.696,1.25295
1510886888849,89.8117,402.219,0.45433
1510886888881,76.0977,400.539,1.60654
1510886888948,86.1835,396.52,0.476061
1510886888979,126.447,394.36,0.782182
1510886889052,291.84,402.645,2.05778
1510886889082,229.575,401.391,0.41612
1510886889148,142.674,396.151,0.706187
1510886889179,193.557,403.121,2.2138
1510886889243,177.777,401.333,2.06665
1510886889319,101.103,387.672,0.537078
1510886889351,67.2937,388.501,0.52901
1510886889480,104.1,379.544,0.574524
1510886889546,55.0269,240.478,6.97505
1510886889618,258.94,285.541,0.174043
1510886889648,237.62,297.469,0.325357
1510886889681,239.194,312.032,0.134048
1510886889749,243.184,324.044,0.109556
1510886889781,350.556,339.729,0.20712
1510886889849,317.519,339.27,0.0728485
1510886889880,382.081,347.941,0.174748
1510886889948,380.407,351.74,0.191074
1510886889980,349.593,351.105,0.148752
1510886890045,392.389,356.752,0.215914
1510886890110,370.525,353.058,0.111737
1510886890144,387.878,358.57,0.185671
1510886890209,351.721,356.005,0.167251
1510886890242,317.329,352.508,0.137421
1510886890284,272.598,351.378,0.134644
1510886890350,272.69,351.775,0.177404
1510886890381,259.44,349.823,0.124015
1510886890447,299.359,350.933,0.168018
1510886890510,327.616,354.531,0.221554
1510886890542,318.091,352.596,0.139611
1510886890618,333.07,357.472,0.228201
1510886890650,380.88,360.146,0.187155
1510886890681,344.593,355.067,0.0926884
1510886890745,314.145,354.537,0.166891
1510886890810,260.46,351.119,0.126132
1510886890843,274.553,351.115,0.146779
1510886890919,293.995,354.075,0.179768
1510886890949,397.296,355.278,0.113653
1510886890981,433.478,358.303,0.159737
1510886891047,275.292,355.871,0.394133
1510886891111,280.563,352.417,0.115972
1510886891142,316.344,352.784,0.161443
1510886891219,230.27,341.814,0.442249
1510886891250,239.233,343.074,0.153945
1510886891282,176.991,348.738,0.458456
1510886891347,119.043,346.608,0.349709
1510886891379,122.776,344.702,0.257295
1510886891444,95.6842,348.563,0.294959
1510886891519,137.232,345.288,0.161235
1510886891550,251.201,353.016,0.193937
1510886891581,285.608,353.674,0.168882
1510886891646,270.624,354.88,0.219267
1510886891712,233.057,352.475,0.158947
1510886891743,200.08,351.742,0.151248
1510886891818,194.826,351.361,0.153518
1510886891849,222.132,355.466,0.13287
1510886891881,221.979,356.62,0.120217
1510886891946,197.294,355.013,0.127077
1510886892023,203.844,359.506,0.140854
1510886892044,197.173,358.329,0.143465
1510886892120,216.977,358.562,0.181614
1510886892141,217.75,360.01,0.130439
1510886892185,201.437,356.252,0.142901
1510886892250,189.547,356.384,0.125217
1510886892282,190.544,358.023,0.143086
1510886892348,221.04,355.419,0.230651
1510886892379,235.382,354.6,0.224389
1510886892444,239.98,354.113,0.21165
1510886892487,216.855,354.936,0.107704
1510886892541,186.936,356.059,0.137138
1510886892583,250.024,358.561,0.425656
1510886892648,271.933,361.121,0.175165
1510886892681,256.715,359.271,0.173627
1510886892746,268.576,364.109,0.122085
1510886892789,253.442,360.817,0.159495
1510886892844,270.818,360.039,0.208317
1510886892886,279.584,360.894,0.267573
1510886892952,269.912,365.254,0.191328
1510886892983,285.605,363.879,0.238746
1510886893049,310.153,364.029,0.394111
1510886893080,301.176,363.834,0.204666
1510886893145,277.038,362.68,0.132488
1510886893211,280.904,359.864,0.238838
1510887265777,3.05176e-05,399.61,0.412494
1510887265788,557.758,403.754,0.722676
1510887265950,328.16,378.901,0.293515
1510887265982,271.235,372.411,0.234854
1510887266048,235.023,368.228,0.212734
1510887266079,215.572,367.949,0.170597
1510887266143,216.392,370.347,0.185434
1510887266208,197.619,365.594,0.326049
1510887266251,129.877,369.995,0.265668
1510887266283,149.389,369.115,0.186518
1510887266349,165.199,370.075,0.181047
1510887266381,326.047,374.883,0.218997
1510887266445,750.043,406.884,0.663699
1510887266583,321.801,373.065,0.459429
1510887266817,59.4466,357.945,0.457867
1510887266849,99.2924,356.084,0.387747
1510887267546,2.82806,217.134,3.78667
